{
    "plasma_composition": {
        "main_ion": {
            "D": 0.5,
            "T": 0.5
        },
        "impurity": "Ne",
        "Z_eff": 1.6
    },
    "profile_conditions": {
        "Ip": {
            "0": 3000000.0,
            "80": 10500000.0
        },
        "T_i": {
            "0.0": {
                "0.0": 6.0,
                "1.0": 0.1
            }
        },
        "T_i_right_bc": 0.1,
        "T_e": {
            "0.0": {
                "0.0": 6.0,
                "1.0": 0.1
            }
        },
        "T_e_right_bc": 0.1,
        "n_e_right_bc_is_fGW": true,
        "n_e_right_bc": {
            "0": 0.1,
            "80": 0.3
        },
        "n_e_nbar_is_fGW": true,
        "nbar": 1,
        "n_e": {
            "0": {
                "0.0": 1.5,
                "1.0": 1.0
            }
        },
        "psi": {
            "0.0": {
                "0.0": 37.930985634007726,
                "1.0": 18.57065606999993
            },
            "8.88888888888889": {
                "0.0": 37.12372525299765,
                "1.0": 18.176319590210156
            },
            "17.77777777777778": {
                "0.0": 37.68904511207391,
                "1.0": 18.181385973850748
            },
            "26.666666666666668": {
                "0.0": 41.32878000655046,
                "1.0": 19.738731508867446
            },
            "35.55555555555556": {
                "0.0": 47.70576585620757,
                "1.0": 22.793275216751542
            },
            "44.44444444444444": {
                "0.0": 55.90524671836656,
                "1.0": 26.85075177044637
            },
            "53.333333333333336": {
                "0.0": 65.18539919938124,
                "1.0": 31.477291767855323
            },
            "62.22222222222223": {
                "0.0": 75.09450141990982,
                "1.0": 36.42004148531641
            },
            "71.11111111111111": {
                "0.0": 113.24079232327784,
                "1.0": 71.73556115610087
            },
            "80.0": {
                "0.0": 122.85629977479876,
                "1.0": 77.01051841991371
            }
        },
        "normalize_n_e_to_nbar": false
    },
    "numerics": {
        "t_initial": 0,
        "t_final": 80,
        "fixed_dt": 2,
        "evolve_ion_heat": true,
        "evolve_electron_heat": true,
        "evolve_current": true,
        "evolve_density": true
    },
    "geometry": {
        "geometry_type": "eqdsk",
        "geometry_directory": "/Users/fsheehan/fsheehan_drive/02_areas/Columbia/01_Columbia_projects/2026-01_TokTox/2026-01-08_simple-pulse-design/torax_iter_example",
        "last_surface_factor": 0.99,
        "n_surfaces": 100,
        "Ip_from_parameters": false,
        "geometry_configs": {
            "0.0": {
                "geometry_file": "eqdsk_0.eqdsk",
                "cocos": 2
            },
            "8.88888888888889": {
                "geometry_file": "eqdsk_1.eqdsk",
                "cocos": 2
            },
            "17.77777777777778": {
                "geometry_file": "eqdsk_2.eqdsk",
                "cocos": 2
            },
            "26.666666666666668": {
                "geometry_file": "eqdsk_3.eqdsk",
                "cocos": 2
            },
            "35.55555555555556": {
                "geometry_file": "eqdsk_4.eqdsk",
                "cocos": 2
            },
            "44.44444444444444": {
                "geometry_file": "eqdsk_5.eqdsk",
                "cocos": 2
            },
            "53.333333333333336": {
                "geometry_file": "eqdsk_6.eqdsk",
                "cocos": 2
            },
            "62.22222222222223": {
                "geometry_file": "eqdsk_7.eqdsk",
                "cocos": 2
            },
            "71.11111111111111": {
                "geometry_file": "./toktox_outputs/torax_iter_rampup_2026-02-23_145735/equil/003.008.eqdsk",
                "cocos": 2
            },
            "80.0": {
                "geometry_file": "./toktox_outputs/torax_iter_rampup_2026-02-23_145735/equil/003.009.eqdsk",
                "cocos": 2
            }
        },
        "n_rho": 100
    },
    "neoclassical": {
        "bootstrap_current": {
            "bootstrap_multiplier": 1.0
        }
    },
    "sources": {
        "generic_current": {
            "fraction_of_total_current": 0.15,
            "gaussian_width": 0.075,
            "gaussian_location": 0.25,
            "I_generic": [
                [
                    0,
                    80
                ],
                [
                    0.0,
                    0.0
                ]
            ]
        },
        "generic_particle": {
            "S_total": 0.0,
            "deposition_location": 0.3,
            "particle_width": 0.25
        },
        "gas_puff": {
            "puff_decay_length": 0.3,
            "S_total": 0.0
        },
        "ohmic": {},
        "pellet": {
            "S_total": 0.0,
            "pellet_width": 0.1,
            "pellet_deposition_location": 0.85
        },
        "generic_heat": {
            "gaussian_location": 0.25,
            "gaussian_width": 0.07280908366127758,
            "P_total": [
                [
                    0,
                    80
                ],
                [
                    0,
                    0
                ]
            ],
            "electron_heat_fraction": 1.0
        },
        "fusion": {},
        "ei_exchange": {
            "Qei_multiplier": 1.0
        },
        "ecrh": {
            "gaussian_width": 0.05,
            "P_total": {
                "0": 0,
                "80": 0
            },
            "gaussian_location": 0.1
        }
    },
    "pedestal": {
        "model_name": "set_T_ped_n_ped",
        "set_pedestal": true,
        "T_i_ped": 1.0,
        "T_e_ped": 1.0,
        "n_e_ped_is_fGW": true,
        "n_e_ped": {
            "0": 0.3,
            "80": 0.7
        },
        "rho_norm_ped_top": 0.95
    },
    "transport": {
        "model_name": "qlknn",
        "apply_inner_patch": true,
        "D_e_inner": 0.25,
        "V_e_inner": 0.0,
        "chi_i_inner": 1.5,
        "chi_e_inner": 1.5,
        "rho_inner": 0.3,
        "apply_outer_patch": true,
        "D_e_outer": 0.1,
        "V_e_outer": 0.0,
        "chi_i_outer": 2.0,
        "chi_e_outer": 2.0,
        "rho_outer": 0.9,
        "chi_min": 0.05,
        "chi_max": 100.0,
        "D_e_min": 0.05,
        "D_e_max": 50.0,
        "V_e_min": -10.0,
        "V_e_max": 10.0,
        "smoothing_width": 0.1,
        "DV_effective": true,
        "include_ITG": true,
        "include_TEM": true,
        "include_ETG": true,
        "avoid_big_negative_s": true,
        "An_min": 0.05,
        "ITG_flux_ratio_correction": 1
    },
    "solver": {
        "solver_type": "newton_raphson",
        "use_predictor_corrector": true,
        "n_corrector_steps": 10,
        "chi_pereverzev": 30,
        "D_pereverzev": 15,
        "use_pereverzev": true,
        "log_iterations": false
    },
    "time_step_calculator": {
        "calculator_type": "fixed"
    }
}